{"cameraMode":{"drawMode":0,"name":"Shaded","section":"Shading Mode"},"sceneLighting":false,"audioPlay":false,"sceneViewState":{"m_AlwaysRefresh":false,"showFog":true,"showSkybox":true,"showFlares":true,"showImageEffects":true,"showParticleSystems":true,"showVisualEffectGraphs":true,"m_FxEnabled":true},"in2DMode":false,"pivot":{"x":657.5640258789063,"y":201.11947631835938,"z":129.11105346679688},"rotation":{"x":0.42197176814079287,"y":0.27790603041648867,"z":-0.14135442674160005,"w":0.8521730303764343},"size":700.7005615234375,"orthographic":false}